variable,vif
npr,1.0702947336693174
size,1.1657699336358922
tang,2.21172932863322
growth,1.089942212370624
ndts,2.2058334070832832
soe,1.1914896206776324
